Id,Class
0,Ellipsis
1,Ellipsis
2,Ellipsis
3,Ellipsis
4,Ellipsis
5,Ellipsis
6,Ellipsis
7,Ellipsis
8,Ellipsis
9,Ellipsis
10,Ellipsis
11,Ellipsis
12,Ellipsis
13,Ellipsis
14,Ellipsis
15,Ellipsis
16,Ellipsis
17,Ellipsis
18,Ellipsis
19,Ellipsis
20,Ellipsis
21,Ellipsis
22,Ellipsis
23,Ellipsis
24,Ellipsis
25,Ellipsis
26,Ellipsis
27,Ellipsis
28,Ellipsis
29,Ellipsis
30,Ellipsis
31,Ellipsis
32,Ellipsis
33,Ellipsis
34,Ellipsis
35,Ellipsis
36,Ellipsis
37,Ellipsis
38,Ellipsis
39,Ellipsis
40,Ellipsis
41,Ellipsis
42,Ellipsis
43,Ellipsis
44,Ellipsis
45,Ellipsis
46,Ellipsis
47,Ellipsis
48,Ellipsis
49,Ellipsis
50,Ellipsis
51,Ellipsis
52,Ellipsis
53,Ellipsis
54,Ellipsis
55,Ellipsis
56,Ellipsis
57,Ellipsis
58,Ellipsis
59,Ellipsis
60,Ellipsis
61,Ellipsis
62,Ellipsis
63,Ellipsis
64,Ellipsis
65,Ellipsis
66,Ellipsis
67,Ellipsis
68,Ellipsis
69,Ellipsis
70,Ellipsis
71,Ellipsis
72,Ellipsis
73,Ellipsis
74,Ellipsis
75,Ellipsis
76,Ellipsis
77,Ellipsis
78,Ellipsis
79,Ellipsis
80,Ellipsis
81,Ellipsis
82,Ellipsis
83,Ellipsis
84,Ellipsis
85,Ellipsis
86,Ellipsis
87,Ellipsis
88,Ellipsis
89,Ellipsis
90,Ellipsis
91,Ellipsis
92,Ellipsis
93,Ellipsis
94,Ellipsis
95,Ellipsis
96,Ellipsis
97,Ellipsis
98,Ellipsis
99,Ellipsis
100,Ellipsis
101,Ellipsis
102,Ellipsis
103,Ellipsis
104,Ellipsis
105,Ellipsis
106,Ellipsis
107,Ellipsis
108,Ellipsis
109,Ellipsis
110,Ellipsis
111,Ellipsis
112,Ellipsis
113,Ellipsis
114,Ellipsis
115,Ellipsis
116,Ellipsis
117,Ellipsis
118,Ellipsis
119,Ellipsis
120,Ellipsis
121,Ellipsis
122,Ellipsis
123,Ellipsis
124,Ellipsis
125,Ellipsis
126,Ellipsis
127,Ellipsis
128,Ellipsis
129,Ellipsis
130,Ellipsis
131,Ellipsis
132,Ellipsis
133,Ellipsis
134,Ellipsis
135,Ellipsis
136,Ellipsis
137,Ellipsis
138,Ellipsis
139,Ellipsis
140,Ellipsis
141,Ellipsis
142,Ellipsis
143,Ellipsis
144,Ellipsis
145,Ellipsis
146,Ellipsis
147,Ellipsis
148,Ellipsis
149,Ellipsis
150,Ellipsis
151,Ellipsis
152,Ellipsis
153,Ellipsis
154,Ellipsis
155,Ellipsis
156,Ellipsis
157,Ellipsis
158,Ellipsis
159,Ellipsis
160,Ellipsis
161,Ellipsis
162,Ellipsis
163,Ellipsis
164,Ellipsis
165,Ellipsis
166,Ellipsis
167,Ellipsis
168,Ellipsis
169,Ellipsis
170,Ellipsis
171,Ellipsis
172,Ellipsis
173,Ellipsis
174,Ellipsis
175,Ellipsis
176,Ellipsis
177,Ellipsis
178,Ellipsis
179,Ellipsis
180,Ellipsis
181,Ellipsis
182,Ellipsis
183,Ellipsis
184,Ellipsis
185,Ellipsis
186,Ellipsis
187,Ellipsis
188,Ellipsis
189,Ellipsis
190,Ellipsis
191,Ellipsis
192,Ellipsis
193,Ellipsis
194,Ellipsis
195,Ellipsis
196,Ellipsis
197,Ellipsis
198,Ellipsis
199,Ellipsis
200,Ellipsis
201,Ellipsis
202,Ellipsis
203,Ellipsis
204,Ellipsis
205,Ellipsis
206,Ellipsis
207,Ellipsis
208,Ellipsis
209,Ellipsis
210,Ellipsis
211,Ellipsis
212,Ellipsis
213,Ellipsis
214,Ellipsis
215,Ellipsis
216,Ellipsis
217,Ellipsis
218,Ellipsis
219,Ellipsis
220,Ellipsis
221,Ellipsis
222,Ellipsis
223,Ellipsis
224,Ellipsis
225,Ellipsis
226,Ellipsis
227,Ellipsis
228,Ellipsis
229,Ellipsis
230,Ellipsis
231,Ellipsis
232,Ellipsis
233,Ellipsis
234,Ellipsis
235,Ellipsis
236,Ellipsis
237,Ellipsis
238,Ellipsis
239,Ellipsis
240,Ellipsis
241,Ellipsis
242,Ellipsis
243,Ellipsis
244,Ellipsis
245,Ellipsis
246,Ellipsis
247,Ellipsis
248,Ellipsis
249,Ellipsis
250,Ellipsis
251,Ellipsis
252,Ellipsis
253,Ellipsis
254,Ellipsis
255,Ellipsis
256,Ellipsis
257,Ellipsis
258,Ellipsis
259,Ellipsis
260,Ellipsis
261,Ellipsis
262,Ellipsis
263,Ellipsis
264,Ellipsis
265,Ellipsis
266,Ellipsis
267,Ellipsis
268,Ellipsis
269,Ellipsis
270,Ellipsis
271,Ellipsis
272,Ellipsis
273,Ellipsis
274,Ellipsis
275,Ellipsis
276,Ellipsis
277,Ellipsis
278,Ellipsis
279,Ellipsis
280,Ellipsis
281,Ellipsis
282,Ellipsis
283,Ellipsis
284,Ellipsis
285,Ellipsis
286,Ellipsis
287,Ellipsis
288,Ellipsis
289,Ellipsis
290,Ellipsis
291,Ellipsis
292,Ellipsis
293,Ellipsis
294,Ellipsis
295,Ellipsis
296,Ellipsis
297,Ellipsis
298,Ellipsis
299,Ellipsis
300,Ellipsis
301,Ellipsis
302,Ellipsis
303,Ellipsis
304,Ellipsis
305,Ellipsis
306,Ellipsis
307,Ellipsis
308,Ellipsis
309,Ellipsis
310,Ellipsis
311,Ellipsis
312,Ellipsis
313,Ellipsis
314,Ellipsis
315,Ellipsis
316,Ellipsis
317,Ellipsis
318,Ellipsis
319,Ellipsis
320,Ellipsis
321,Ellipsis
322,Ellipsis
323,Ellipsis
324,Ellipsis
325,Ellipsis
326,Ellipsis
327,Ellipsis
328,Ellipsis
329,Ellipsis
330,Ellipsis
331,Ellipsis
332,Ellipsis
333,Ellipsis
334,Ellipsis
335,Ellipsis
336,Ellipsis
337,Ellipsis
338,Ellipsis
339,Ellipsis
340,Ellipsis
341,Ellipsis
342,Ellipsis
343,Ellipsis
344,Ellipsis
345,Ellipsis
346,Ellipsis
347,Ellipsis
348,Ellipsis
349,Ellipsis
350,Ellipsis
351,Ellipsis
352,Ellipsis
353,Ellipsis
354,Ellipsis
355,Ellipsis
356,Ellipsis
357,Ellipsis
358,Ellipsis
359,Ellipsis
360,Ellipsis
361,Ellipsis
362,Ellipsis
363,Ellipsis
364,Ellipsis
365,Ellipsis
366,Ellipsis
367,Ellipsis
368,Ellipsis
369,Ellipsis
370,Ellipsis
371,Ellipsis
372,Ellipsis
373,Ellipsis
374,Ellipsis
375,Ellipsis
376,Ellipsis
377,Ellipsis
378,Ellipsis
379,Ellipsis
380,Ellipsis
381,Ellipsis
382,Ellipsis
383,Ellipsis
384,Ellipsis
385,Ellipsis
386,Ellipsis
387,Ellipsis
388,Ellipsis
389,Ellipsis
390,Ellipsis
391,Ellipsis
392,Ellipsis
393,Ellipsis
394,Ellipsis
395,Ellipsis
396,Ellipsis
397,Ellipsis
398,Ellipsis
399,Ellipsis
400,Ellipsis
401,Ellipsis
402,Ellipsis
403,Ellipsis
404,Ellipsis
405,Ellipsis
406,Ellipsis
407,Ellipsis
408,Ellipsis
409,Ellipsis
410,Ellipsis
411,Ellipsis
412,Ellipsis
413,Ellipsis
414,Ellipsis
415,Ellipsis
416,Ellipsis
417,Ellipsis
418,Ellipsis
419,Ellipsis
420,Ellipsis
421,Ellipsis
422,Ellipsis
423,Ellipsis
424,Ellipsis
425,Ellipsis
426,Ellipsis
427,Ellipsis
428,Ellipsis
429,Ellipsis
430,Ellipsis
431,Ellipsis
432,Ellipsis
433,Ellipsis
434,Ellipsis
435,Ellipsis
436,Ellipsis
437,Ellipsis
438,Ellipsis
439,Ellipsis
440,Ellipsis
441,Ellipsis
442,Ellipsis
443,Ellipsis
444,Ellipsis
445,Ellipsis
446,Ellipsis
447,Ellipsis
448,Ellipsis
449,Ellipsis
450,Ellipsis
451,Ellipsis
452,Ellipsis
453,Ellipsis
454,Ellipsis
455,Ellipsis
456,Ellipsis
457,Ellipsis
458,Ellipsis
459,Ellipsis
460,Ellipsis
461,Ellipsis
462,Ellipsis
463,Ellipsis
464,Ellipsis
465,Ellipsis
466,Ellipsis
467,Ellipsis
468,Ellipsis
469,Ellipsis
470,Ellipsis
471,Ellipsis
472,Ellipsis
473,Ellipsis
474,Ellipsis
475,Ellipsis
476,Ellipsis
477,Ellipsis
478,Ellipsis
479,Ellipsis
480,Ellipsis
481,Ellipsis
482,Ellipsis
483,Ellipsis
484,Ellipsis
485,Ellipsis
486,Ellipsis
487,Ellipsis
488,Ellipsis
489,Ellipsis
490,Ellipsis
491,Ellipsis
492,Ellipsis
493,Ellipsis
494,Ellipsis
495,Ellipsis
496,Ellipsis
497,Ellipsis
498,Ellipsis
499,Ellipsis
500,Ellipsis
501,Ellipsis
502,Ellipsis
503,Ellipsis
504,Ellipsis
505,Ellipsis
506,Ellipsis
507,Ellipsis
508,Ellipsis
509,Ellipsis
510,Ellipsis
511,Ellipsis
512,Ellipsis
513,Ellipsis
514,Ellipsis
515,Ellipsis
516,Ellipsis
517,Ellipsis
518,Ellipsis
519,Ellipsis
520,Ellipsis
521,Ellipsis
522,Ellipsis
523,Ellipsis
524,Ellipsis
525,Ellipsis
526,Ellipsis
527,Ellipsis
528,Ellipsis
529,Ellipsis
530,Ellipsis
531,Ellipsis
532,Ellipsis
533,Ellipsis
534,Ellipsis
535,Ellipsis
536,Ellipsis
537,Ellipsis
538,Ellipsis
539,Ellipsis
540,Ellipsis
541,Ellipsis
542,Ellipsis
543,Ellipsis
544,Ellipsis
545,Ellipsis
546,Ellipsis
547,Ellipsis
548,Ellipsis
549,Ellipsis
550,Ellipsis
551,Ellipsis
552,Ellipsis
553,Ellipsis
554,Ellipsis
555,Ellipsis
556,Ellipsis
557,Ellipsis
558,Ellipsis
559,Ellipsis
560,Ellipsis
561,Ellipsis
562,Ellipsis
563,Ellipsis
564,Ellipsis
565,Ellipsis
566,Ellipsis
567,Ellipsis
568,Ellipsis
569,Ellipsis
570,Ellipsis
571,Ellipsis
572,Ellipsis
573,Ellipsis
574,Ellipsis
575,Ellipsis
576,Ellipsis
577,Ellipsis
578,Ellipsis
579,Ellipsis
580,Ellipsis
581,Ellipsis
582,Ellipsis
583,Ellipsis
584,Ellipsis
585,Ellipsis
586,Ellipsis
587,Ellipsis
588,Ellipsis
589,Ellipsis
590,Ellipsis
591,Ellipsis
592,Ellipsis
593,Ellipsis
594,Ellipsis
595,Ellipsis
596,Ellipsis
597,Ellipsis
598,Ellipsis
599,Ellipsis
600,Ellipsis
601,Ellipsis
602,Ellipsis
603,Ellipsis
604,Ellipsis
605,Ellipsis
606,Ellipsis
607,Ellipsis
608,Ellipsis
609,Ellipsis
610,Ellipsis
611,Ellipsis
612,Ellipsis
613,Ellipsis
614,Ellipsis
615,Ellipsis
616,Ellipsis
617,Ellipsis
618,Ellipsis
619,Ellipsis
620,Ellipsis
621,Ellipsis
622,Ellipsis
623,Ellipsis
624,Ellipsis
625,Ellipsis
626,Ellipsis
627,Ellipsis
628,Ellipsis
629,Ellipsis
630,Ellipsis
631,Ellipsis
632,Ellipsis
633,Ellipsis
634,Ellipsis
635,Ellipsis
636,Ellipsis
637,Ellipsis
638,Ellipsis
639,Ellipsis
640,Ellipsis
641,Ellipsis
642,Ellipsis
643,Ellipsis
644,Ellipsis
645,Ellipsis
646,Ellipsis
647,Ellipsis
648,Ellipsis
649,Ellipsis
650,Ellipsis
651,Ellipsis
652,Ellipsis
653,Ellipsis
654,Ellipsis
655,Ellipsis
656,Ellipsis
657,Ellipsis
658,Ellipsis
659,Ellipsis
660,Ellipsis
661,Ellipsis
662,Ellipsis
663,Ellipsis
664,Ellipsis
665,Ellipsis
666,Ellipsis
667,Ellipsis
668,Ellipsis
669,Ellipsis
670,Ellipsis
671,Ellipsis
672,Ellipsis
673,Ellipsis
674,Ellipsis
675,Ellipsis
676,Ellipsis
677,Ellipsis
678,Ellipsis
679,Ellipsis
680,Ellipsis
681,Ellipsis
682,Ellipsis
683,Ellipsis
684,Ellipsis
685,Ellipsis
686,Ellipsis
687,Ellipsis
688,Ellipsis
689,Ellipsis
690,Ellipsis
691,Ellipsis
692,Ellipsis
693,Ellipsis
694,Ellipsis
695,Ellipsis
696,Ellipsis
697,Ellipsis
698,Ellipsis
699,Ellipsis
700,Ellipsis
701,Ellipsis
702,Ellipsis
703,Ellipsis
704,Ellipsis
705,Ellipsis
706,Ellipsis
707,Ellipsis
708,Ellipsis
709,Ellipsis
710,Ellipsis
711,Ellipsis
712,Ellipsis
713,Ellipsis
714,Ellipsis
715,Ellipsis
716,Ellipsis
717,Ellipsis
718,Ellipsis
719,Ellipsis
720,Ellipsis
721,Ellipsis
722,Ellipsis
723,Ellipsis
724,Ellipsis
725,Ellipsis
726,Ellipsis
727,Ellipsis
728,Ellipsis
729,Ellipsis
730,Ellipsis
731,Ellipsis
732,Ellipsis
733,Ellipsis
734,Ellipsis
735,Ellipsis
736,Ellipsis
737,Ellipsis
738,Ellipsis
739,Ellipsis
740,Ellipsis
741,Ellipsis
742,Ellipsis
743,Ellipsis
744,Ellipsis
745,Ellipsis
746,Ellipsis
747,Ellipsis
748,Ellipsis
749,Ellipsis
750,Ellipsis
751,Ellipsis
752,Ellipsis
753,Ellipsis
754,Ellipsis
755,Ellipsis
756,Ellipsis
757,Ellipsis
758,Ellipsis
759,Ellipsis
760,Ellipsis
761,Ellipsis
762,Ellipsis
763,Ellipsis
764,Ellipsis
765,Ellipsis
766,Ellipsis
767,Ellipsis
768,Ellipsis
769,Ellipsis
770,Ellipsis
771,Ellipsis
772,Ellipsis
773,Ellipsis
774,Ellipsis
775,Ellipsis
776,Ellipsis
777,Ellipsis
778,Ellipsis
779,Ellipsis
780,Ellipsis
781,Ellipsis
782,Ellipsis
783,Ellipsis
784,Ellipsis
785,Ellipsis
786,Ellipsis
787,Ellipsis
788,Ellipsis
789,Ellipsis
790,Ellipsis
791,Ellipsis
792,Ellipsis
793,Ellipsis
794,Ellipsis
795,Ellipsis
796,Ellipsis
797,Ellipsis
798,Ellipsis
799,Ellipsis
800,Ellipsis
801,Ellipsis
802,Ellipsis
803,Ellipsis
804,Ellipsis
805,Ellipsis
806,Ellipsis
807,Ellipsis
808,Ellipsis
809,Ellipsis
810,Ellipsis
811,Ellipsis
812,Ellipsis
813,Ellipsis
814,Ellipsis
815,Ellipsis
816,Ellipsis
817,Ellipsis
818,Ellipsis
819,Ellipsis
820,Ellipsis
821,Ellipsis
822,Ellipsis
823,Ellipsis
824,Ellipsis
825,Ellipsis
826,Ellipsis
827,Ellipsis
828,Ellipsis
829,Ellipsis
830,Ellipsis
831,Ellipsis
832,Ellipsis
833,Ellipsis
834,Ellipsis
835,Ellipsis
836,Ellipsis
837,Ellipsis
838,Ellipsis
839,Ellipsis
840,Ellipsis
841,Ellipsis
842,Ellipsis
843,Ellipsis
844,Ellipsis
845,Ellipsis
846,Ellipsis
847,Ellipsis
848,Ellipsis
849,Ellipsis
850,Ellipsis
851,Ellipsis
852,Ellipsis
853,Ellipsis
854,Ellipsis
855,Ellipsis
856,Ellipsis
857,Ellipsis
858,Ellipsis
859,Ellipsis
860,Ellipsis
861,Ellipsis
862,Ellipsis
863,Ellipsis
864,Ellipsis
865,Ellipsis
866,Ellipsis
867,Ellipsis
868,Ellipsis
869,Ellipsis
870,Ellipsis
871,Ellipsis
872,Ellipsis
873,Ellipsis
874,Ellipsis
875,Ellipsis
876,Ellipsis
877,Ellipsis
878,Ellipsis
879,Ellipsis
880,Ellipsis
881,Ellipsis
882,Ellipsis
883,Ellipsis
884,Ellipsis
885,Ellipsis
886,Ellipsis
887,Ellipsis
888,Ellipsis
889,Ellipsis
890,Ellipsis
891,Ellipsis
892,Ellipsis
893,Ellipsis
894,Ellipsis
895,Ellipsis
896,Ellipsis
897,Ellipsis
898,Ellipsis
899,Ellipsis
900,Ellipsis
901,Ellipsis
902,Ellipsis
903,Ellipsis
904,Ellipsis
905,Ellipsis
906,Ellipsis
907,Ellipsis
908,Ellipsis
909,Ellipsis
910,Ellipsis
911,Ellipsis
912,Ellipsis
913,Ellipsis
914,Ellipsis
915,Ellipsis
916,Ellipsis
917,Ellipsis
918,Ellipsis
919,Ellipsis
920,Ellipsis
921,Ellipsis
922,Ellipsis
923,Ellipsis
924,Ellipsis
925,Ellipsis
926,Ellipsis
927,Ellipsis
928,Ellipsis
929,Ellipsis
930,Ellipsis
931,Ellipsis
932,Ellipsis
933,Ellipsis
934,Ellipsis
935,Ellipsis
936,Ellipsis
937,Ellipsis
938,Ellipsis
939,Ellipsis
940,Ellipsis
941,Ellipsis
942,Ellipsis
943,Ellipsis
944,Ellipsis
945,Ellipsis
946,Ellipsis
947,Ellipsis
948,Ellipsis
949,Ellipsis
950,Ellipsis
951,Ellipsis
952,Ellipsis
953,Ellipsis
954,Ellipsis
955,Ellipsis
956,Ellipsis
957,Ellipsis
958,Ellipsis
959,Ellipsis
960,Ellipsis
961,Ellipsis
962,Ellipsis
963,Ellipsis
964,Ellipsis
965,Ellipsis
966,Ellipsis
967,Ellipsis
968,Ellipsis
969,Ellipsis
970,Ellipsis
971,Ellipsis
972,Ellipsis
973,Ellipsis
974,Ellipsis
975,Ellipsis
976,Ellipsis
977,Ellipsis
978,Ellipsis
979,Ellipsis
980,Ellipsis
981,Ellipsis
982,Ellipsis
983,Ellipsis
984,Ellipsis
985,Ellipsis
986,Ellipsis
987,Ellipsis
988,Ellipsis
989,Ellipsis
990,Ellipsis
991,Ellipsis
992,Ellipsis
993,Ellipsis
994,Ellipsis
995,Ellipsis
996,Ellipsis
997,Ellipsis
998,Ellipsis
999,Ellipsis
